architecture,task,accuracy_mean,accuracy_std,perplexity_mean,perplexity_std,train_time_mean,train_time_std,num_params,num_runs,histories
deltanet,mqar_kv64,0.0071875,0.0,450.9019470214844,0.0,91.46320652961731,0.0,1661696,1,"[{'train_loss': [45.431, 15.9595, 12.289, 11.3235, 10.8275, 10.603, 10.3185, 10.141, 9.77, 9.534, 9.199, 9.022, 8.8155, 8.6685, 8.461, 8.3155, 8.2245, 8.0985, 7.96375, 7.90275, 7.71275, 7.67125, 7.65, 7.5135, 7.448, 7.40875, 7.34525, 7.33325, 7.2525, 7.229], 'eval_loss': [17.365, 10.535, 8.825, 7.76, 7.535, 7.16625, 7.70375, 7.2675, 7.15625, 7.0775, 6.86375, 6.6925, 6.66, 6.61375, 6.66, 6.69375, 6.45875, 6.4275, 6.42125, 6.23875, 6.25875, 6.3475, 6.16, 6.3, 6.14875, 6.11625, 6.20125, 6.14125, 6.12125, 6.11125], 'eval_accuracy': [0.0034375, 0.0034375, 0.0034375, 0.00375, 0.0040625, 0.003125, 0.0053125, 0.0015625, 0.00375, 0.0065625, 0.00375, 0.0065625, 0.0025, 0.006875, 0.00375, 0.0028125, 0.00375, 0.0040625, 0.0028125, 0.0040625, 0.0071875, 0.00625, 0.004375, 0.00375, 0.005, 0.0053125, 0.0040625, 0.005625, 0.0084375, 0.0071875], 'eval_perplexity': [34795540.0, 37609.04296875, 6802.189453125, 2344.905029296875, 1872.444091796875, 1294.9796142578125, 2216.645263671875, 1432.9635009765625, 1282.0941162109375, 1185.002197265625, 956.9489135742188, 806.335693359375, 780.5508422851562, 745.2725219726562, 780.5508422851562, 807.3440551757812, 638.2625732421875, 618.6253051757812, 614.77099609375, 512.2178344726562, 522.5653076171875, 571.0631713867188, 473.4280090332031, 544.572021484375, 468.13177490234375, 453.16217041015625, 493.3653869628906, 464.6340637207031, 455.4337158203125, 450.9019470214844]}]"
deltanet,flip_flop,0.0989453125,0.0,10.77118968963623,0.0,82.75236058235168,0.0,1598976,1,"[{'train_loss': [32.5845, 10.573, 8.492, 6.9255, 5.92525, 5.213, 4.141125, 3.449625, 3.117, 2.887375, 2.827625, 2.719875, 2.68975, 2.6725, 2.61025, 2.560875, 2.6, 2.56025, 2.5235, 2.559875, 2.546875, 2.506875, 2.52125, 2.507, 2.50475, 2.483375, 2.466, 2.48775, 2.476875, 2.468], 'eval_loss': [6.9375, 8.2875, 5.96875, 4.165, 4.61625, 4.1575, 3.43875, 2.89875, 2.5425, 2.72125, 2.48625, 2.488125, 2.515, 2.409375, 2.45375, 2.6175, 2.461875, 2.489375, 2.359375, 2.47125, 2.4825, 2.481875, 2.35875, 2.619375, 2.388125, 2.3925, 2.391875, 2.505, 2.42125, 2.376875], 'eval_accuracy': [0.098046875, 0.099609375, 0.0963671875, 0.1000390625, 0.0954296875, 0.100859375, 0.097734375, 0.0994140625, 0.0987109375, 0.1009765625, 0.1036328125, 0.101484375, 0.0984375, 0.0999609375, 0.096640625, 0.0999609375, 0.101484375, 0.09921875, 0.1044921875, 0.1009375, 0.103359375, 0.098671875, 0.1003515625, 0.0989453125, 0.099921875, 0.103984375, 0.1014453125, 0.099453125, 0.0996484375, 0.0989453125], 'eval_perplexity': [1030.1915283203125, 3973.888671875, 391.0166015625, 64.3926773071289, 101.11414337158203, 63.911529541015625, 31.148000717163086, 18.151443481445312, 12.711410522460938, 15.199310302734375, 12.016130447387695, 12.038683891296387, 12.366610527038574, 11.12700366973877, 11.63188362121582, 13.701428413391113, 11.726778030395508, 12.053741455078125, 10.584334373474121, 11.837234497070312, 11.971156120300293, 11.963674545288086, 10.577722549438477, 13.727141380310059, 10.893049240112305, 10.940811157226562, 10.933976173400879, 12.243560791015625, 11.259926795959473, 10.77118968963623]}]"
deltanet,knapsack,0.0,0.0,7824.3828125,0.0,58.263103723526,0.0,2644480,1,"[{'train_loss': [79.046, 60.604, 32.237, 20.092, 16.368, 15.068, 14.502, 14.224, 13.9695, 13.9665, 13.7, 13.2885, 13.3085, 13.285, 12.9565, 13.042, 12.8425, 12.7785, 12.731, 12.9535, 12.582, 12.782, 12.66, 12.6695, 12.4385, 12.427, 12.274, 12.157, 12.183, 12.28], 'eval_loss': [65.22, 37.65, 19.18, 13.03, 12.005, 11.7125, 10.4925, 9.765, 9.8225, 9.5125, 10.21, 9.51, 10.97, 8.975, 9.1275, 9.255, 9.33, 8.9375, 9.345, 8.905, 9.2175, 8.9975, 8.91375, 8.9925, 9.755, 8.46625, 8.3825, 8.94875, 9.055, 8.965], 'eval_accuracy': [0.0, 0.0, 0.0, 0.0, 0.0, 0.005, 0.0, 0.0, 0.005, 0.005, 0.005, 0.005, 0.005, 0.005, 0.0, 0.0, 0.005, 0.0, 0.005, 0.0, 0.005, 0.0, 0.005, 0.01, 0.005, 0.005, 0.0, 0.01, 0.0, 0.0], 'eval_perplexity': [2.1119646004312117e+28, 2.244852918832333e+16, 213682176.0, 455886.75, 163570.625, 122088.2734375, 36044.16796875, 17413.48828125, 18444.107421875, 13527.7685546875, 27173.568359375, 13493.9970703125, 58104.609375, 7903.02099609375, 9204.9765625, 10456.7197265625, 11271.130859375, 7612.14306640625, 11441.4755859375, 7368.72314453125, 10071.8505859375, 8082.85498046875, 7433.482421875, 8042.54052734375, 17240.216796875, 4751.6650390625, 4369.9189453125, 7698.25927734375, 8561.240234375, 7824.3828125]}]"
gla,mqar_kv64,0.0015625,0.0,291.29302978515625,0.0,62.43371105194092,0.0,2199296,1,"[{'train_loss': [24.020724281311036, 9.678431343078612, 8.422996238708496, 7.718391868591309, 7.297084381103516, 7.016730419158936, 6.845598472595215, 6.695609104156494, 6.604369785308838, 6.505955848693848, 6.5319418067932125, 6.352312591552734, 6.324043029785156, 6.258045768737793, 6.215999496459961, 6.1516436576843265, 6.155057559967041, 6.105333995819092, 6.068579025268555, 6.056426345825195, 6.031172775268555, 6.026815914154053, 5.977877029418945, 6.0576138572692875, 5.961843650817871, 5.932415325164795, 5.922990242004395, 5.907984130859375, 5.893919639587402, 5.8862160911560055], 'eval_loss': [7.552350883483887, 6.838868484497071, 6.480530471801758, 6.1217373275756835, 6.1499424743652344, 5.971593894958496, 5.952041435241699, 5.909207077026367, 5.9457136917114255, 5.89277774810791, 5.856740531921386, 5.852151718139648, 5.751495399475098, 5.839567832946777, 5.735990867614746, 5.760887603759766, 5.705359172821045, 5.743829040527344, 5.793314514160156, 5.700957260131836, 5.692099132537842, 5.682401180267334, 5.722523975372314, 5.747087879180908, 5.686390151977539, 5.684206237792969, 5.6873993301391605, 5.6631982421875, 5.651136856079102, 5.674329833984375], 'eval_accuracy': [0.00375, 0.0034375, 0.005625, 0.0028125, 0.0021875, 0.0021875, 0.0025, 0.0028125, 0.0028125, 0.004375, 0.0053125, 0.00375, 0.0034375, 0.0034375, 0.0053125, 0.005, 0.00375, 0.005, 0.0059375, 0.0046875, 0.0034375, 0.0028125, 0.0028125, 0.0053125, 0.0046875, 0.003125, 0.004375, 0.005625, 0.0028125, 0.0015625], 'eval_perplexity': [1905.2166748046875, 933.4324951171875, 652.3167724609375, 455.65570068359375, 468.6903991699219, 392.13018798828125, 384.5376281738281, 368.4138488769531, 382.1119079589844, 362.41064453125, 349.58282470703125, 347.9823913574219, 314.66082763671875, 343.6307373046875, 309.8198547363281, 317.630126953125, 300.47332763671875, 312.2578430175781, 328.09869384765625, 299.1536560058594, 296.515380859375, 293.6536865234375, 305.675537109375, 313.2770690917969, 294.8273620605469, 294.1841735839844, 295.1251220703125, 288.06854248046875, 284.6148681640625, 291.29302978515625]}]"
gla,flip_flop,0.1000390625,0.0,10.157211303710938,0.0,51.71731781959534,0.0,2136576,1,"[{'train_loss': [18.782179149627687, 3.2341388626098633, 2.5991916160583495, 2.5220109729766844, 2.461876434326172, 2.444515474319458, 2.4220212593078614, 2.411149932861328, 2.4023491497039795, 2.388537601470947, 2.395616437911987, 2.380378890991211, 2.3769963073730467, 2.370366901397705, 2.3665880470275877, 2.36263977432251, 2.358282829284668, 2.355245952606201, 2.352789482116699, 2.352534257888794, 2.3544249839782716, 2.3498734493255613, 2.3481890277862547, 2.3484270877838136, 2.344964151382446, 2.3437560005187987, 2.3444472312927247, 2.3394321212768556, 2.3427916259765627, 2.338925340652466], 'eval_loss': [4.8175392341613765, 2.4302407836914064, 2.39282133102417, 2.487494583129883, 2.353120040893555, 2.3451105308532716, 2.3729715061187746, 2.3843876838684084, 2.3531312465667726, 2.335103740692139, 2.339606285095215, 2.3608551120758055, 2.325380868911743, 2.3576676559448244, 2.3366294956207274, 2.324503002166748, 2.337489433288574, 2.326346836090088, 2.324216251373291, 2.342824935913086, 2.358375835418701, 2.321677312850952, 2.3212023067474363, 2.3241702270507814, 2.3145935916900635, 2.342880229949951, 2.3095771980285646, 2.3221810054779053, 2.3267638969421385, 2.318183813095093], 'eval_accuracy': [0.0975, 0.1046484375, 0.1016015625, 0.0965234375, 0.1051171875, 0.0991796875, 0.1026953125, 0.1073046875, 0.1108984375, 0.0986328125, 0.109609375, 0.0974609375, 0.1018359375, 0.101796875, 0.098984375, 0.099609375, 0.1002734375, 0.0975, 0.10578125, 0.1037890625, 0.1017578125, 0.1045703125, 0.1009375, 0.099140625, 0.0986328125, 0.1066015625, 0.1045703125, 0.100859375, 0.096015625, 0.1000390625], 'eval_perplexity': [123.66041564941406, 11.361618041992188, 10.944327354431152, 12.03109359741211, 10.518336296081543, 10.43442440032959, 10.729227066040039, 10.852416038513184, 10.518454551696777, 10.33053207397461, 10.377150535583496, 10.600011825561523, 10.230575561523438, 10.566278457641602, 10.346303939819336, 10.221597671508789, 10.355205535888672, 10.240463256835938, 10.218668937683105, 10.410604476928711, 10.573763847351074, 10.192755699157715, 10.187915802001953, 10.218196868896484, 10.120808601379395, 10.41118049621582, 10.07016658782959, 10.197891235351562, 10.244734764099121, 10.157211303710938]}]"
gla,knapsack,0.005,0.0,666.6365356445312,0.0,34.63734173774719,0.0,3182080,1,"[{'train_loss': [33.504950134277344, 19.05536248779297, 15.660132446289062, 13.9350185546875, 12.849380142211913, 12.141428520202636, 11.568884544372558, 10.912422859191894, 10.43169588470459, 10.205421188354492, 9.711218963623047, 9.639778831481934, 9.082803840637206, 9.096978881835938, 8.753553802490234, 8.997175949096679, 8.513579948425292, 8.582198356628417, 8.265209743499756, 8.327689506530762, 8.086348762512207, 8.01455710220337, 7.981506065368652, 7.923281288146972, 7.755075950622558, 7.69505277633667, 7.566237701416016, 7.422179489135742, 7.58072513961792, 7.42716340637207], 'eval_loss': [17.723356552124024, 12.963361358642578, 12.307050743103026, 11.051958541870118, 10.025166015625, 9.153714904785156, 8.36289192199707, 8.146948852539062, 8.115083541870117, 7.679321441650391, 7.902940139770508, 7.201046752929687, 7.466466751098633, 7.190828552246094, 7.324694557189941, 6.902215995788574, 7.023511924743652, 6.682175617218018, 6.737565002441406, 6.642847652435303, 6.395994510650635, 6.478638877868653, 6.7599554443359375, 6.31688081741333, 6.431776351928711, 6.536646118164063, 6.427141590118408, 6.520385093688965, 6.10037654876709, 6.502244720458984], 'eval_accuracy': [0.0, 0.0, 0.0, 0.0, 0.005, 0.005, 0.0, 0.0, 0.01, 0.01, 0.01, 0.005, 0.0, 0.01, 0.01, 0.0, 0.0, 0.0, 0.01, 0.005, 0.01, 0.005, 0.01, 0.005, 0.01, 0.01, 0.0, 0.005, 0.005, 0.005], 'eval_perplexity': [49791568.0, 426497.46875, 221250.46875, 63067.32421875, 22587.80859375, 9449.4814453125, 4285.06982421875, 3452.827880859375, 3344.53759765625, 2163.151123046875, 2705.224853515625, 1340.8338623046875, 1748.41845703125, 1327.2021484375, 1517.310546875, 994.4760131835938, 1122.7225341796875, 798.0535278320312, 843.5043334960938, 767.2767333984375, 599.4392700195312, 651.083984375, 862.6036987304688, 553.8427124023438, 621.2766723632812, 689.9684448242188, 618.40380859375, 678.83984375, 446.0257263183594, 666.6365356445312]}]"
gru,mqar_kv64,0.0025,0.0,262.5013427734375,0.0,41.96951913833618,0.0,1644800,1,"[{'train_loss': [5.782155078887939, 5.685960723876953, 5.655903556823731, 5.638802268981934, 5.626868232727051, 5.622573196411133, 5.611560134887696, 5.607366325378418, 5.602738899230957, 5.593365310668945, 5.595855037689209, 5.584998649597168, 5.583712532043457, 5.584773323059082, 5.58253120803833, 5.57772172164917, 5.5788631324768065, 5.575212791442871, 5.573485698699951, 5.57627827835083, 5.570899215698242, 5.572521484375, 5.571376861572266, 5.570611312866211, 5.568962596893311, 5.5666833572387695, 5.566998558044434, 5.5686689453125, 5.5668549041748046, 5.564596282958984], 'eval_loss': [5.697224845886231, 5.646788177490234, 5.633159236907959, 5.625381698608399, 5.614998779296875, 5.6057758712768555, 5.642435607910156, 5.604760818481445, 5.591626434326172, 5.595517349243164, 5.5919460105895995, 5.581347579956055, 5.592474365234375, 5.5817821502685545, 5.589867782592774, 5.5805451202392575, 5.570567111968995, 5.578689765930176, 5.578363571166992, 5.572917785644531, 5.575874252319336, 5.57131664276123, 5.567171611785889, 5.574971847534179, 5.5661314010620115, 5.567117214202881, 5.561055145263672, 5.5638777542114255, 5.5703444671630855, 5.570256004333496], 'eval_accuracy': [0.0040625, 0.00375, 0.0053125, 0.0025, 0.003125, 0.0034375, 0.00375, 0.0034375, 0.003125, 0.00375, 0.003125, 0.001875, 0.004375, 0.005, 0.0009375, 0.003125, 0.0040625, 0.0059375, 0.003125, 0.0040625, 0.004375, 0.003125, 0.00375, 0.0021875, 0.0053125, 0.00375, 0.004375, 0.0034375, 0.00375, 0.0025], 'eval_perplexity': [298.0390930175781, 283.37982177734375, 279.5438537597656, 277.3780822753906, 274.5130615234375, 271.99285888671875, 282.1490783691406, 271.7168884277344, 268.1714782714844, 269.2168273925781, 268.2571716308594, 265.42901611328125, 268.3989562988281, 265.5444641113281, 267.7001647949219, 265.2160949707031, 262.5829772949219, 264.7244873046875, 264.6381530761719, 263.20098876953125, 263.9802551269531, 262.7798767089844, 261.69287109375, 263.7420959472656, 261.4208679199219, 261.67864990234375, 260.0971374511719, 260.832275390625, 262.5245056152344, 262.5013427734375]}]"
gru,flip_flop,0.104921875,0.0,10.02173900604248,0.0,71.56806302070618,0.0,1582080,1,"[{'train_loss': [2.518847637176514, 2.3157341442108152, 2.3122281341552733, 2.310387191772461, 2.3080983200073244, 2.3072693901062014, 2.307043933868408, 2.308838851928711, 2.307329193115234, 2.3065299911499024, 2.307511791229248, 2.3063588180541994, 2.3060877380371094, 2.3051258201599123, 2.306097509384155, 2.305805549621582, 2.3060893535614015, 2.305452302932739, 2.3049473686218263, 2.304784034729004, 2.3052143898010256, 2.3060404510498045, 2.3050627002716064, 2.3050761432647704, 2.3051738758087157, 2.305011215209961, 2.3043450813293456, 2.304963047027588, 2.3048098888397215, 2.304668628692627], 'eval_loss': [2.3130461502075197, 2.3164938259124757, 2.3075439071655275, 2.306554841995239, 2.3062816429138184, 2.3073647308349607, 2.3056139945983887, 2.30721378326416, 2.305218105316162, 2.3078236961364746, 2.3058591079711914, 2.304059600830078, 2.3078204345703126, 2.304987735748291, 2.3045568370819094, 2.3058172702789306, 2.3066681098937987, 2.304768829345703, 2.304636392593384, 2.3043672370910646, 2.306427927017212, 2.3035958099365232, 2.304802055358887, 2.3064024353027346, 2.306841459274292, 2.3051279640197753, 2.306408500671387, 2.304436264038086, 2.304125986099243, 2.304756660461426], 'eval_accuracy': [0.104609375, 0.0975390625, 0.0980078125, 0.1089453125, 0.100546875, 0.097890625, 0.1028515625, 0.1065234375, 0.10453125, 0.094375, 0.10390625, 0.1034765625, 0.1032421875, 0.100703125, 0.1026171875, 0.103125, 0.0974609375, 0.0980078125, 0.09765625, 0.0998828125, 0.099140625, 0.1035546875, 0.1051953125, 0.1003515625, 0.0991015625, 0.1022265625, 0.09546875, 0.1054296875, 0.10578125, 0.104921875], 'eval_perplexity': [10.1051607131958, 10.140058517456055, 10.049712181091309, 10.039775848388672, 10.037033081054688, 10.047910690307617, 10.03033447265625, 10.046394348144531, 10.026366233825684, 10.052522659301758, 10.032793998718262, 10.014755249023438, 10.052489280700684, 10.024054527282715, 10.019737243652344, 10.03237533569336, 10.040912628173828, 10.02186107635498, 10.02053451538086, 10.017838478088379, 10.03850269317627, 10.010111808776855, 10.02219295501709, 10.038246154785156, 10.04265308380127, 10.025460243225098, 10.03830623626709, 10.01852798461914, 10.015420913696289, 10.02173900604248]}]"
gru,knapsack,0.005,0.0,332.9898986816406,0.0,22.5989773273468,0.0,2627584,1,"[{'train_loss': [8.71198447418213, 8.083690612792969, 7.529414039611816, 7.085492820739746, 6.774445304870605, 6.617231746673584, 6.5467056427001955, 6.470878719329834, 6.451018447875977, 6.34036882019043, 6.318285404205322, 6.27922668838501, 6.207702262878418, 6.23670068359375, 6.206666751861572, 6.219830711364746, 6.108461212158203, 6.144205383300781, 6.126988693237305, 6.03681273651123, 6.016591255187988, 5.993613910675049, 6.023430374145508, 5.983501052856445, 5.951143268585205, 5.973987632751465, 5.909275604248047, 5.830601764678955, 5.853216026306153, 5.842687454223633], 'eval_loss': [8.499719543457031, 7.552126007080078, 7.2173014259338375, 7.084313278198242, 6.712904357910157, 6.5411491966247555, 6.538756580352783, 6.507947731018066, 6.304873580932617, 6.388211040496826, 6.282597160339355, 6.389996757507324, 6.262157001495361, 6.277391109466553, 6.298950023651123, 6.200755977630616, 6.098793792724609, 6.090829086303711, 6.136627140045166, 6.0338136672973635, 6.047527160644531, 5.933357200622559, 6.042205543518066, 5.975632667541504, 5.924194221496582, 5.945215015411377, 5.749056930541992, 6.051492691040039, 5.757063579559326, 5.808111953735351], 'eval_accuracy': [0.0, 0.0, 0.01, 0.0, 0.0, 0.005, 0.0, 0.0, 0.005, 0.01, 0.0, 0.005, 0.0, 0.0, 0.0, 0.005, 0.01, 0.015, 0.0, 0.015, 0.005, 0.005, 0.005, 0.01, 0.01, 0.01, 0.01, 0.0, 0.015, 0.005], 'eval_perplexity': [4913.39111328125, 1904.787841796875, 1362.806396484375, 1193.103759765625, 822.9573974609375, 693.0825805664062, 691.4261474609375, 670.44921875, 547.2323608398438, 594.7916870117188, 535.1767578125, 595.8544921875, 524.3486938476562, 532.3978271484375, 544.00048828125, 493.1217346191406, 445.32037353515625, 441.7874450683594, 462.4910583496094, 417.3033752441406, 423.06561279296875, 377.4194641113281, 420.820068359375, 393.71710205078125, 373.9770202636719, 381.9215393066406, 313.89447021484375, 424.74658203125, 316.4177551269531, 332.9898986816406]}]"
lstm,mqar_kv64,0.0028125,0.0,257.8349304199219,0.0,43.368942737579346,0.0,2171136,1,"[{'train_loss': [5.5771709823608395, 5.560180171966553, 5.559493453979492, 5.557337162017823, 5.55694543838501, 5.554848133087158, 5.554605258941651, 5.553576198577881, 5.5547848968505855, 5.554207801818848, 5.552149559020996, 5.551664672851563, 5.552643852233887, 5.551837692260742, 5.55181559753418, 5.549821807861328, 5.551386539459228, 5.55155126953125, 5.550966361999512, 5.551657897949219, 5.5502360229492185, 5.551498817443847, 5.549708068847656, 5.550289093017578, 5.549546222686768, 5.549971061706543, 5.549384864807129, 5.550679977416992, 5.5491996688842775, 5.549145561218261], 'eval_loss': [5.558662586212158, 5.556800537109375, 5.555622138977051, 5.5552964019775395, 5.554103736877441, 5.555466232299804, 5.555177268981933, 5.552541065216064, 5.550747108459473, 5.5512873077392575, 5.55336296081543, 5.5514567184448245, 5.55190486907959, 5.553860397338867, 5.551299152374267, 5.553363475799561, 5.551375160217285, 5.549936695098877, 5.550911331176758, 5.552970733642578, 5.551180171966553, 5.548657073974609, 5.5498207092285154, 5.552232818603516, 5.545439491271972, 5.555511207580566, 5.551749229431152, 5.548967628479004, 5.549251747131348, 5.552319679260254], 'eval_accuracy': [0.005, 0.0040625, 0.0028125, 0.003125, 0.004375, 0.00375, 0.0025, 0.003125, 0.0040625, 0.0059375, 0.0021875, 0.0028125, 0.0021875, 0.005625, 0.005, 0.00375, 0.0046875, 0.001875, 0.00375, 0.0034375, 0.00375, 0.0040625, 0.0053125, 0.00375, 0.0034375, 0.0046875, 0.00375, 0.0028125, 0.0040625, 0.0028125], 'eval_perplexity': [259.47552490234375, 258.9928283691406, 258.6878356933594, 258.6036071777344, 258.2953796386719, 258.64752197265625, 258.5727844238281, 257.89208984375, 257.42974853515625, 257.5688781738281, 258.10406494140625, 257.61260986328125, 257.72796630859375, 258.2324523925781, 257.57196044921875, 258.10418701171875, 257.59161376953125, 257.2212829589844, 257.47210693359375, 258.0029296875, 257.5413818359375, 256.8923034667969, 257.1914978027344, 257.8125305175781, 256.067138671875, 258.65911865234375, 257.68792724609375, 256.97216796875, 257.04510498046875, 257.8349304199219]}]"
lstm,flip_flop,0.1046484375,0.0,10.004602432250977,0.0,72.9517560005188,0.0,2108416,1,"[{'train_loss': [2.316875440597534, 2.307323034286499, 2.3074049148559572, 2.305381788253784, 2.307121696472168, 2.3066001052856446, 2.3045902671813967, 2.3050801429748535, 2.305063913345337, 2.3048541412353516, 2.304512924194336, 2.304357286453247, 2.3045727252960204, 2.303950571060181, 2.3050132961273193, 2.3045003185272215, 2.304330192565918, 2.3041064109802245, 2.303979965209961, 2.303719312667847, 2.3040276317596438, 2.304105453491211, 2.3038393363952636, 2.30406441116333, 2.303875608444214, 2.3038377571105957, 2.303957248687744, 2.3039414329528807, 2.303584274291992, 2.3033820266723635], 'eval_loss': [2.3075404167175293, 2.3082512283325194, 2.3063690948486326, 2.306308221817017, 2.3070838165283205, 2.30480562210083, 2.3048101806640626, 2.30427565574646, 2.3036763191223146, 2.3061802577972412, 2.304554328918457, 2.3037547206878664, 2.304231662750244, 2.3043230628967284, 2.3058754444122314, 2.3035995101928712, 2.303470573425293, 2.3040658950805666, 2.3049663352966308, 2.303218307495117, 2.3041758918762207, 2.3033702087402346, 2.3026779079437256, 2.3031458282470703, 2.3035005569458007, 2.3034434032440188, 2.305333385467529, 2.3053644847869874, 2.302674102783203, 2.30304518699646], 'eval_accuracy': [0.09859375, 0.0974609375, 0.0975, 0.1096875, 0.10046875, 0.107265625, 0.1078515625, 0.1084375, 0.0976953125, 0.0978515625, 0.0997265625, 0.0996875, 0.1032421875, 0.10125, 0.1026171875, 0.107734375, 0.1000390625, 0.0998046875, 0.099609375, 0.102109375, 0.0927734375, 0.1062109375, 0.1080078125, 0.096015625, 0.103203125, 0.1066015625, 0.096640625, 0.0954296875, 0.106484375, 0.1046484375], 'eval_perplexity': [10.049675941467285, 10.0568208694458, 10.037911415100098, 10.037301063537598, 10.045088768005371, 10.022229194641113, 10.022276878356934, 10.016921043395996, 10.010918617248535, 10.036016464233398, 10.019710540771484, 10.011704444885254, 10.0164794921875, 10.017394065856934, 10.032958984375, 10.010149955749512, 10.008858680725098, 10.014819145202637, 10.023841857910156, 10.00633430480957, 10.015920639038086, 10.007854461669922, 10.000927925109863, 10.005609512329102, 10.009160041809082, 10.008586883544922, 10.027520179748535, 10.027831077575684, 10.000889778137207, 10.004602432250977]}]"
lstm,knapsack,0.01,0.0,294.2322998046875,0.0,22.80256724357605,0.0,3153920,1,"[{'train_loss': [8.057817962646485, 7.392598735809326, 6.892745109558105, 6.563475025177002, 6.362176734924317, 6.243173629760742, 6.21002564239502, 6.18786408996582, 6.133840644836426, 6.1086374893188475, 6.072010696411133, 6.089098487854004, 6.022888465881348, 6.995295722961425, 6.063544956207275, 6.077072444915771, 5.993225242614746, 6.02845947265625, 6.026307758331299, 6.114775985717773, 5.951892749786377, 5.997150653839111, 5.975143142700196, 5.985049900054932, 5.906802867889405, 5.919651710510254, 5.885366584777832, 5.788135307312012, 5.858450283050537, 5.758903518676758], 'eval_loss': [7.799695167541504, 7.054682350158691, 6.622717914581298, 6.366089515686035, 6.267019119262695, 6.258381690979004, 6.2784551239013675, 6.119375190734863, 6.1042236328125, 6.138498573303223, 6.014224166870117, 6.128922328948975, 6.019877586364746, 6.094406776428222, 6.171155185699463, 6.074513206481933, 6.066860389709473, 5.9432230567932125, 6.069048767089844, 6.001610279083252, 6.018626880645752, 5.96959602355957, 6.041594467163086, 5.9241471862792965, 5.889752845764161, 5.892043342590332, 5.7689228439331055, 5.946276264190674, 5.698485298156738, 5.684369716644287], 'eval_accuracy': [0.0, 0.0, 0.0, 0.005, 0.01, 0.015, 0.005, 0.005, 0.015, 0.01, 0.01, 0.0, 0.01, 0.005, 0.01, 0.0, 0.005, 0.0, 0.0, 0.005, 0.005, 0.0, 0.0, 0.0, 0.01, 0.01, 0.005, 0.005, 0.01, 0.01], 'eval_perplexity': [2439.857666015625, 1158.2694091796875, 751.986083984375, 581.7782592773438, 526.9044799804688, 522.3729858398438, 532.9647216796875, 454.5805969238281, 447.74493408203125, 463.3574523925781, 409.20819091796875, 458.9413757324219, 411.5281677246094, 443.3708801269531, 478.73870849609375, 434.6379699707031, 431.32427978515625, 381.16143798828125, 432.26934814453125, 404.0789489746094, 411.0137634277344, 391.3475036621094, 420.5630798339844, 373.9593505859375, 361.31597900390625, 362.1444396972656, 320.192626953125, 382.32696533203125, 298.4150695800781, 294.2322998046875]}]"
rope,mqar_kv64,0.0053125,0.0,273.4925231933594,0.0,34.652490854263306,0.0,3225344,1,"[{'train_loss': [19.170616638183592, 7.717146785736084, 7.406164894104004, 7.307323257446289, 7.159771331787109, 7.090007217407226, 6.97945841217041, 6.921583976745605, 6.85009610748291, 6.734601615905762, 6.61589973449707, 6.512507362365723, 6.383934391021729, 6.30312279510498, 6.223655738830566, 6.102403709411621, 6.034906856536865, 5.95334536743164, 5.880773502349854, 5.865063610076905, 5.81250698852539, 5.76734651184082, 5.742206657409668, 5.723678810119629, 5.697717781066895, 5.692666358947754, 5.68018994140625, 5.66220785522461, 5.649590538024903, 5.637121089935302], 'eval_loss': [6.485673408508301, 5.984325160980225, 5.922235908508301, 5.867714824676514, 5.80751033782959, 5.875923652648925, 5.884526157379151, 5.759712638854981, 5.753803882598877, 5.813000049591064, 5.73450273513794, 5.728208484649659, 5.746330375671387, 5.776943340301513, 5.7298995208740235, 5.7291983795166015, 5.701634654998779, 5.686107139587403, 5.730130443572998, 5.692107124328613, 5.666794261932373, 5.637584533691406, 5.631974983215332, 5.630668907165528, 5.625825519561768, 5.606910190582275, 5.641812171936035, 5.612929134368897, 5.595526695251465, 5.611274070739746], 'eval_accuracy': [0.0053125, 0.005, 0.0046875, 0.005625, 0.0078125, 0.0034375, 0.00375, 0.0053125, 0.004375, 0.004375, 0.004375, 0.004375, 0.0021875, 0.005, 0.0028125, 0.00375, 0.00375, 0.00375, 0.0025, 0.003125, 0.005, 0.00375, 0.0025, 0.0021875, 0.004375, 0.004375, 0.003125, 0.00375, 0.0071875, 0.0053125], 'eval_perplexity': [655.6803588867188, 397.1543273925781, 373.2453308105469, 353.4403991699219, 332.7895812988281, 356.3536376953125, 359.43243408203125, 317.2571716308594, 315.3880310058594, 334.6215515136719, 309.359130859375, 307.4180603027344, 313.0397644042969, 322.7710266113281, 307.93829345703125, 307.7225036621094, 299.3564147949219, 294.7439880371094, 308.009521484375, 296.5177917480469, 289.10626220703125, 280.7837219238281, 279.21307373046875, 278.8486328125, 277.5012512207031, 272.30157470703125, 281.9732971191406, 273.945556640625, 269.21942138671875, 273.4925231933594]}]"
rope,flip_flop,0.107421875,0.0,9.96749496459961,0.0,47.31456279754639,0.0,3162624,1,"[{'train_loss': [12.09040884399414, 3.4782561016082765, 3.107434566497803, 2.8053166217803955, 2.5760580596923828, 2.4939280757904054, 2.412013240814209, 2.3958117694854737, 2.3923634223937986, 2.362166681289673, 2.3523205852508546, 2.348800333023071, 2.343740779876709, 2.332942264556885, 2.3316693172454834, 2.330912883758545, 2.3271524543762205, 2.324160533905029, 2.323028413772583, 2.323180948257446, 2.321754278182983, 2.3202597942352297, 2.3189045181274412, 2.3173350315093995, 2.3173951568603517, 2.314790958404541, 2.313814109802246, 2.312455020904541, 2.311565460205078, 2.3074017906188966], 'eval_loss': [2.8016294193267823, 2.6800217247009277, 2.4923948860168457, 2.5525676918029787, 2.469113826751709, 2.359700698852539, 2.3821858596801757, 2.3372106456756594, 2.3161286163330077, 2.3247381591796876, 2.3216068172454833, 2.3274936866760254, 2.32698691368103, 2.3150057888031004, 2.3403634357452394, 2.3013427162170412, 2.3163961791992187, 2.324231424331665, 2.3089576244354246, 2.312739038467407, 2.312933874130249, 2.3136893844604494, 2.304633073806763, 2.3062771129608155, 2.3059824752807616, 2.3272095108032227, 2.3042318630218506, 2.2999784088134767, 2.300664310455322, 2.2993291664123534], 'eval_accuracy': [0.0960546875, 0.099296875, 0.097109375, 0.09578125, 0.0975390625, 0.104765625, 0.104140625, 0.1019921875, 0.10359375, 0.1042578125, 0.1096484375, 0.105390625, 0.104765625, 0.1041796875, 0.1055078125, 0.1050390625, 0.1035546875, 0.108359375, 0.10546875, 0.1064453125, 0.1032421875, 0.10421875, 0.1094921875, 0.1076953125, 0.1076953125, 0.1068359375, 0.10609375, 0.1079296875, 0.1071484375, 0.107421875], 'eval_perplexity': [16.47146224975586, 14.585411071777344, 12.09019660949707, 12.840030670166016, 11.81197452545166, 10.58778190612793, 10.828547477722168, 10.352319717407227, 10.136357307434082, 10.224003791809082, 10.192038536071777, 10.252213478088379, 10.247020721435547, 10.124981880187988, 10.385010719299316, 9.987584114074707, 10.139069557189941, 10.218822479248047, 10.063928604125977, 10.102057456970215, 10.104025840759277, 10.111662864685059, 10.020501136779785, 10.0369873046875, 10.034032821655273, 10.249300956726074, 10.016481399536133, 9.973967552185059, 9.980812072753906, 9.96749496459961]}]"
rope,knapsack,0.0,0.0,577.3592529296875,0.0,34.403380155563354,0.0,4208128,1,"[{'train_loss': [35.254618194580075, 18.509997177124024, 14.017846420288086, 11.406146934509277, 10.080116638183593, 9.462535545349121, 9.073725273132323, 8.933599449157715, 8.710882675170899, 8.532986053466797, 8.263866806030274, 8.233206127166747, 7.998734680175781, 7.9750422172546385, 8.063501972198486, 8.10683685684204, 7.726195526123047, 7.779557193756103, 7.806463722229004, 7.656238815307617, 7.5856293716430665, 7.57502575302124, 7.546831569671631, 7.585343494415283, 7.5019786834716795, 7.486472248077392, 7.391714054107666, 7.448400711059571, 7.420575214385987, 7.313577312469483], 'eval_loss': [21.68215675354004, 13.608776245117188, 10.736122779846191, 9.087968883514405, 9.460701751708985, 8.314733848571777, 7.672690258026123, 7.622412986755371, 7.0703206062316895, 7.130330429077149, 6.935100021362305, 7.1094474029541015, 6.812185249328613, 6.9745119857788085, 6.963351192474366, 6.873194313049316, 6.676488094329834, 6.482079658508301, 6.68155345916748, 6.5006011199951175, 6.639946327209473, 6.393282814025879, 6.7549960327148435, 6.41648494720459, 6.596710624694825, 6.381598968505859, 6.2417307472229, 6.811592998504639, 6.620299301147461, 6.358464889526367], 'eval_accuracy': [0.005, 0.005, 0.005, 0.0, 0.0, 0.0, 0.0, 0.015, 0.005, 0.005, 0.005, 0.0, 0.0, 0.01, 0.0, 0.0, 0.0, 0.005, 0.005, 0.005, 0.0, 0.005, 0.005, 0.005, 0.01, 0.005, 0.005, 0.005, 0.01, 0.0], 'eval_perplexity': [2608803584.0, 813235.5625, 45987.41796875, 8848.1953125, 12844.8974609375, 4083.596923828125, 2148.85498046875, 2043.4874267578125, 1176.525146484375, 1249.2899169921875, 1027.7220458984375, 1223.4713134765625, 908.854736328125, 1069.0355224609375, 1057.17041015625, 966.0293579101562, 793.5272827148438, 653.328125, 797.5570678710938, 665.5416870117188, 765.0540161132812, 597.81591796875, 858.336181640625, 611.8485717773438, 732.6812133789062, 590.8717041015625, 513.7468872070312, 908.316650390625, 750.1696166992188, 577.3592529296875]}]"
vanilla_transformer,mqar_kv64,0.004375,0.0,278.16259765625,0.0,28.645657300949097,0.0,3290880,1,"[{'train_loss': [16.16594844818115, 7.623462547302246, 7.422239540100097, 7.291592948913574, 7.183725563049316, 7.100451610565186, 7.005530296325683, 6.937222820281982, 6.846459247589111, 6.788322765350342, 6.7016634750366215, 6.62750365447998, 6.550470676422119, 6.463969940185547, 6.402532615661621, 6.320922115325928, 6.226104663848877, 6.140622627258301, 6.058187866210938, 5.999695941925049, 5.945588539123535, 5.891586223602295, 5.846557456970215, 5.810184318542481, 5.776894737243652, 5.755459854125976, 5.728426315307617, 5.712717826843262, 5.6868147354125975, 5.677407752990723], 'eval_loss': [6.351718559265136, 6.02755859375, 5.938748970031738, 6.011387062072754, 5.8829617691040035, 5.8161484909057615, 5.819473915100097, 5.750909385681152, 5.789233703613281, 5.751731948852539, 5.758860855102539, 5.7087158203125, 5.757337799072266, 5.810018653869629, 5.741308631896973, 5.700839595794678, 5.6830125999450685, 5.695045585632324, 5.7338496017456055, 5.702803039550782, 5.662929286956787, 5.687470626831055, 5.651109313964843, 5.685040512084961, 5.627736358642578, 5.624573211669922, 5.64574893951416, 5.611719436645508, 5.623235111236572, 5.628205680847168], 'eval_accuracy': [0.0034375, 0.0046875, 0.00625, 0.0021875, 0.0034375, 0.004375, 0.0034375, 0.005625, 0.004375, 0.004375, 0.0046875, 0.004375, 0.0025, 0.003125, 0.0040625, 0.0028125, 0.00375, 0.0040625, 0.00125, 0.0040625, 0.0075, 0.0040625, 0.004375, 0.0021875, 0.0046875, 0.005625, 0.00375, 0.005, 0.004375, 0.004375], 'eval_perplexity': [573.4773559570312, 414.701416015625, 379.4598693847656, 408.048828125, 358.87054443359375, 335.6766357421875, 336.7947692871094, 314.47650146484375, 326.76251220703125, 314.7352600097656, 316.9870910644531, 301.48370361328125, 316.5045471191406, 333.62530517578125, 311.4717712402344, 299.118408203125, 293.833251953125, 297.39031982421875, 309.1570739746094, 299.7063293457031, 287.9909362792969, 295.1460876464844, 284.60699462890625, 294.42974853515625, 278.0321044921875, 277.15399169921875, 283.0855407714844, 273.6143493652344, 276.78338623046875, 278.16259765625]}]"
vanilla_transformer,flip_flop,0.105625,0.0,10.052094459533691,0.0,42.747349977493286,0.0,3293696,1,"[{'train_loss': [10.448636180877685, 3.5613315353393555, 3.1299547634124756, 2.8263139209747314, 2.6519532089233397, 2.4995260162353516, 2.424578760147095, 2.3892390422821044, 2.385409595489502, 2.3630940284729003, 2.355049499511719, 2.34182527923584, 2.3495669078826906, 2.3270065631866457, 2.3312224731445315, 2.3327863693237303, 2.3246691093444825, 2.317871856689453, 2.3193635387420652, 2.3157427215576174, 2.317549217224121, 2.311910245895386, 2.3130860862731932, 2.3110274085998537, 2.311222553253174, 2.309903367996216, 2.3072902793884276, 2.308002067565918, 2.3063278312683106, 2.3023867568969725], 'eval_loss': [2.803495054244995, 2.6181646156311036, 2.6733454132080077, 2.5105159378051756, 2.5092110061645507, 2.415643367767334, 2.3632773780822753, 2.371531772613525, 2.359775142669678, 2.3367570304870604, 2.3129115295410156, 2.3075834846496583, 2.3606271076202394, 2.3287274837493896, 2.326578311920166, 2.3111048793792723, 2.316304187774658, 2.3165939712524413, 2.3087770652771, 2.3118774700164795, 2.3023677825927735, 2.324000959396362, 2.297547483444214, 2.3135513496398925, 2.3040894412994386, 2.3170143795013427, 2.2979361534118654, 2.2983862781524658, 2.2915926361083985, 2.3077810859680175], 'eval_accuracy': [0.10484375, 0.10578125, 0.1076953125, 0.1052734375, 0.108046875, 0.106015625, 0.108515625, 0.1039453125, 0.105703125, 0.106171875, 0.1110546875, 0.109921875, 0.105703125, 0.10671875, 0.1062109375, 0.104765625, 0.105625, 0.1076171875, 0.1070703125, 0.109921875, 0.1103515625, 0.106171875, 0.108125, 0.105, 0.10796875, 0.1080859375, 0.1043359375, 0.1068359375, 0.111640625, 0.105625], 'eval_perplexity': [16.50222396850586, 13.710535049438477, 14.488356590270996, 12.311280250549316, 12.295226097106934, 11.196972846984863, 10.625720024108887, 10.713789939880371, 10.588569641113281, 10.347623825073242, 10.103798866271973, 10.05010986328125, 10.597596168518066, 10.264870643615723, 10.242834091186523, 10.08556079864502, 10.138136863708496, 10.141074180603027, 10.062111854553223, 10.09335708618164, 9.99782657623291, 10.216469764709473, 9.949751853942871, 10.11026668548584, 10.015055656433105, 10.145339965820312, 9.953619003295898, 9.958100318908691, 9.890677452087402, 10.052094459533691]}]"
vanilla_transformer,knapsack,0.0,0.0,632.0858154296875,0.0,30.480275869369507,0.0,4339200,1,"[{'train_loss': [33.192215576171876, 16.837715133666993, 13.64114988708496, 11.03344945526123, 9.895033012390137, 9.364610313415527, 9.162376922607422, 8.96834115600586, 8.703141681671143, 8.408483543395995, 8.216865104675293, 8.293050498962403, 7.996253913879395, 8.083995872497558, 8.02263900756836, 7.889221649169922, 7.8141392211914065, 7.717595218658447, 7.794365119934082, 7.6985142707824705, 7.584596126556397, 7.542657882690429, 7.4920819549560544, 7.544210273742676, 7.53415087890625, 7.478676040649414, 7.35408812713623, 7.2465751953125, 7.423085525512695, 7.279225952148438], 'eval_loss': [19.656883850097657, 12.886875381469727, 10.038376274108886, 9.210020790100097, 8.3920308303833, 7.683188095092773, 7.609224586486817, 7.623890151977539, 7.061722221374512, 7.373998680114746, 6.914801750183106, 7.140312232971191, 6.6558105087280275, 7.04475700378418, 6.992683200836182, 6.798377799987793, 6.584152450561524, 6.360765838623047, 6.762598361968994, 6.418435668945312, 6.5513263511657716, 6.336987361907959, 6.648448333740235, 6.2408303451538085, 6.5261568832397465, 6.389677848815918, 6.275910797119141, 6.64655387878418, 6.268539505004883, 6.4490250205993656], 'eval_accuracy': [0.0, 0.0, 0.0, 0.0, 0.0, 0.0, 0.005, 0.0, 0.02, 0.005, 0.005, 0.005, 0.0, 0.0, 0.005, 0.0, 0.0, 0.005, 0.005, 0.0, 0.01, 0.02, 0.0, 0.01, 0.01, 0.0, 0.005, 0.0, 0.005, 0.0], 'eval_perplexity': [344251552.0, 395092.46875, 22888.1796875, 9996.806640625, 4411.767578125, 2171.531494140625, 2016.714111328125, 2046.5074462890625, 1166.452392578125, 1593.994873046875, 1007.0712280273438, 1261.822265625, 777.2875366210938, 1146.8299560546875, 1088.6387939453125, 896.3921508789062, 723.5374145507812, 578.689453125, 864.88671875, 613.0432739257812, 700.1721801757812, 565.0914306640625, 771.5862426757812, 513.2846069335938, 682.7692260742188, 595.6647338867188, 531.6103515625, 770.1259155273438, 527.7060546875, 632.0858154296875]}]"
